DP4_14194,MGVKVTFDIDVDLFSEKIDSFFFQVIYKFNEGEAKWNELKKKIAELKAKGVKKAKVTIYGQTEDFEEFKKNLEEAAKTMNGAISNLKVEKSDSKEISVEVTPL
DP4_14195,MSKEEIVKEKLDSFFFQVIYKFNEGEAKWNELKKYAEELLKDESLSPKEILLKILEKFKEILEKEIEELKKLPESKKKEAEEKIKKAEESLKIVEELIKKLLE
DP4_14196,ELEEIIKKIKELLEKKDKESLNKLLDSFFFQVIYKFNEGEAKWNELKKLVEEALNEEDPEKKEELIKEVIEFLRKLWEESKKTVEEVKKKEEEEKLKELKELL
DP4_14197,KLEEIIKKIKELLEKKEKEELDKLLDSFFFQVIYKFNEGEAKWNELKELVEKALNEKDPEKKKELIEEIEKFLRELWEESKKTVEEKEEKEKEEKEKLLKELE
DP4_14198,ELEEFIKKIEKLLDEKDKESLNKLLDSFFFQVIYKFNEGEAKWNELKELIEKALNEKDEEKKKKLKEEVIKFTKELWEESKKTVKEKEKEEKEKEKKEKLEKL
DP4_14199,MSKEEIVNEILDSFFFQVIYKFNEGEAKWNELKEKAKELLKDKSLSPKEIVLKILEEFKEILEKEIEKYKKLPESLKKEAEEKIKKAKESLKIVEKLIEELKK
DP4_14200,MKEELEEARKNNETFKKTITKVEELDSFFFQVIYKFNEGEAKWNELKAVMASSPNAKTEITIEYENGKPVKVEVTATSDTATLKLTGEYKEEYKSTLEKEVKP
DP4_14201,MKPTDEEIKKAAELVAEALAEGKGDSFFFQVIYKFNEGEAKWNELKKLVEEAKKKGEDMEPVIKEVAEKIYEAWKELSSKSEEMQEELYESIKKIFEIAEKLK
DP4_14202,ELEEIIKKVEELLEKKDKESLEKLLDSFFFQVIYKFNEGEAKWNELKELVEKALNEENEEEKEKLKKEVIEFLKKLWEESKKTVEEKEKKEKELEELKKKLLE
DP4_14203,KLEEFIKKVTELLEKKDKESLEKLLDSFFFQVIYKFNEGEAKWNELKELVEKALNEKDEKKKEELKKKVIEFIKKLWEESEKTKEEKEKKEEEEKLKKKLEEL
DP4_14204,SPVDELVERLLKNLASKLSKETFIESLNIAIKNIDEILKKVDPNTPVSNMDSFFFQVIYKFNEGEAKWNELKEIAAKYPDITLGEFLKMAKEAFEKAKKLVEE
DP4_14205,MGVKITLKITKPFTLEDLDSFFFQVIYKFNEGEAKWNELKKNFPNLKVGDIVIFTGTYDESKASKEEIEKVFEKLKKELKKHGIEFDYEFTDSNEQSLEIIKP
DP4_14206,SMVDELVKRLLENLAKKLSKETFIEGLDKMIENIDKILKQVDPNTPISKLDSFFFQVIYKFNEGEAKWNELKEIAAKHPDMTLGEFLKKAKEAFEKVKKKVEE
DP4_14207,HMSPEKQKLKKEIDEELDSFFFQVIYKFNEGEAKWNELKEELEKKLPSLTPENAKEVVEKLLKETLKKAVEEIKKILADPNAKLTPEEKEELKEAAEIMEKII
DP4_14208,MGVKVTFEVDVDKFMENIDSFFFQVIYKFNEGEAKWNELKKKLEELKAKGVKKAKVTWTGQTEDFEEFKKKLKEAAEIMNGAISNLKVEPSESTEISVEVTPL
DP4_14209,AGVKVTFEIDVPLFKEKIDSFFFQVIYKFNEGEAKWNELKKKLDELEKKGVKKAKVTIIGQTEDFEEFKKNLEKAAKTMNGAISNLKVEKSDSTEISVEVTPL
DP4_14210,MGVKVTFEIDVDKFTANIDSFFFQVIYKFNEGEAKWNELKEKIAELKAKGVKKAKVTIIGQTEDFEEFKKNLEEAAKTMNGAISNLKVEESDSTEISVEVTPL
DP4_14211,VEESLKKLSEEEIKKLDSFFFQVIYKFNEGEAKWNELKSDVNLAKEFLEAIENKDLEKALEIFEKADEKVIEKLDISEEEKEKLKKENKEIAKENLTKLLESL
DP4_14212,MSKEEIVKEELDSFFFQVIYKFNEGEAKWNELKEYAEELLKDKSLSPKEILLKIFEKFLEILEKEIEKLKKLPESKKEEAEKEIKNALKSKKIVEELIEKLKK
DP4_14223,PEEEIKKIAAEVVEDVELGTRFFTELAKLIEKIKKENPNISFEEAANLAERELAKKLTPEEIAKLEAAGVIYRDENGEWRMTEKGVEAAKKVVEILEKAKAKE
DP4_14224,APASPEVRESTYRFFAELLKLVGRSPTIPREKLLKAEEELRKNAEKYGITEEAFEIFEKALASLKEELIPVSALADRIAELLGTTPAEIRAYLDSLGVGAYLD
DP4_14225,AEASVVLDGERRTFAATPEGAEAFRAAFFETLARLAEKYEGSPEERLARAEAEIRAAVAATGTGSPEALAWLRAQLDAAAEEARERVRRALEEEERRERELAR
DP4_14226,MSLEEAIAELRAKADPAALAANLALLTEITGDEEVATLNFFTRLVALARGEEVPLVLPREEALALGERLLTPETLAALTPEQIAAAERRLLAELTALVEARRA
DP4_14227,MAEELRKRIEEYAAKVPASSVTLEAVLEVLKKFLEENYEKYKEYIELIMKEKGLKSEEEAIKLFFEEFEKLYLKIKAEQPELSPAERAAEAERIILKELEKKK
DP4_14228,IDLSPEELAVLREVVVPAVAALDLAALPDAAALQAAVLARAAPAVKAAAAARGLTISDEALEAFFARLAELIFRLHAERPEMSMAELAEAAEREIAEEVAAAR
DP4_14229,PEEAIRAVAAEVLKNVELGTRFFRRLAELIRRLRAEDPELSLEEAANRAERELAKELSEEELKELEEAGVIEFDEKGEVRMTEKGLAAARRVVEILEAAEAAA
DP4_14230,MEAEIDALAEAALAAMAAATGVRDPEALALLRALARELAEEWLALARETSDDPEAFVRERLRAFFAYLVERVTALHAQDPSLPLRELVRLAEEEYRAERELAR
DP4_14231,MEEKIKEIAAENVKNVELGTRFFTKLAEKILELKAKDPNISFEEAANLAEKELAKELSEEEIKELEEAGVIYRDENGEVKMTEKGLAAAKKVVAILEEAKAKE
DP4_14232,VTLTPEEFQALVDFFTEIAKYAASRKDLSLEAFKEAEEELKDSPVYKAAMKTLEKHGLDKELFLKLLQEKLKATGSPEKAAALSDEELRKISEEALKKGIALT
DP4_14233,ESVHARAARAFLAATDPRERWRAFFEGLAAALREEHGLSEEEAEKFLEAGLRLGEAAIAAGRDPADPAVRREVVERAAREAGVPVELARAAEAAFAAALAAAA
DP4_14234,VDYEKLAELLNVSVEKAKEIADLFFAAAEAIARGDEATALANVKKLAALGVTPEQVRKVGEAYREELRARVAAVLPPGATPEEVEAATRAAEEWIVEQMKKLN
DP4_14235,SKEELVKKVAKELLKEAKAEDVIKAIEELKEKLKPYEEITIAELKEIIKEILGKVLSEKGVEAFFDAIMKLMGVEEIDPEKVIKTSDVLAAEEAILKAIKELA
DP4_14236,PLSPEQVAALRRDFFLAVAAYLETHEGTLAEAVAAAEAALRPPLVARAAAALGLSPEEVAAVLPDAAALLAAIQAATGLAPDTPVTAEVAARVRAAAEAGRLR
DP4_14237,MSIEEAIAELAAKSDPEKRAAVLALLEELTGDAEVATLNFFTRLLALARGEDVPLLLDRETAEALLKRLATPEALAALTPEQIAAAEDQLLAELTALVAARKA
DP4_14238,MKKLEELSEETKTFFYIILTYIIEKKGIDKNAKPAENPEIEKAYKEAEKLFEKYKEKLGIKTPTEEEKKEAWELIKDLPLGEALELVKTPESEKYAEKFLALI
DP4_14239,MKLTPEEAEVLKTFFERLLELATPRVEALVAAGVDPVEAQLRAVEEAEEELLPEMEKLAEEKGVEKFEEALEEFLAELRELLRAGASLEEAIAAVLKRIEERE
DP4_14240,VTTFTLTQTFLMPVPATPENVEAFFARLLARVKIPANVTIKSIEATAEAETLEIPGLGKVPASRITATITYESTGDAAADAATLRAEMAAAEAAIRAELLAAL
DP4_14241,ALTPEQIAALRKEFFLAVADYFKTFKGTLAEAVAAAEKAIRPPLVAEKAKELGLSEATIEAALPNADELLAAIKAATGLADDTPVDAAVAAKIKAAAEAGKIK
