sequence,category,model,designedSequence,designedSequenceLength,design_ID,target
MIPTDEEIKKASELVAKALAEGKGDSFFFQVIYKFNEGEAKWNELKELVEKAKKNGEDLKPVIKEVAEKIYKAWLELKEKSEEMQEELAKSIKEIFEIAEKLK,scaffolded8VDL,RFD,MIPTDEEIKKASELVAKALAEGKGDSFFFQVIYKFNEGEAKWNELKELVEKAKKNGEDLKPVIKEVAEKIYKAWLELKEKSEEMQEELAKSIKEIFEIAEKLK,103,epitope_contig0006_epitope_contig0006_0_model_4_fixed_dldesign_7,8VDL_epitope
MEEEIEKKRKENKTLEKTLTKVEDLDSFFFQVIYKFNEGEAKWNELKAVMASDPNAKVKIKIEFKDGKPVKVEITATSSTAELKFTGKYDKEYKGTMEKTVKP,scaffolded8VDL,RFD,MEEEIEKKRKENKTLEKTLTKVEDLDSFFFQVIYKFNEGEAKWNELKAVMASDPNAKVKIKIEFKDGKPVKVEITATSSTAELKFTGKYDKEYKGTMEKTVKP,103,epitope_contig0005_epitope_contig0005_0_model_5_fixed_dldesign_6,8VDL_epitope
IKKEIEEKKKNNKTLEETLTKVEDLDSFFFQVIYKFNEGEAKWNELKKVMASSPNAKVKIKIKYKNGIPVEVEIVAESDKATLKLKGKYDKEYKSEMELEIKP,scaffolded8VDL,RFD,IKKEIEEKKKNNKTLEETLTKVEDLDSFFFQVIYKFNEGEAKWNELKKVMASSPNAKVKIKIKYKNGIPVEVEIVAESDKATLKLKGKYDKEYKSEMELEIKP,103,epitope_contig0005_epitope_contig0005_0_model_5_fixed_dldesign_1,8VDL_epitope
MLSPEQQKLKKKVEEYLDSFFFQVIYKFNEGEAKWNELKEKINEKLPNLTEENAMEAVNELIKETLTEKVEEYKKLLADPNAKLSKEEKEEIEEARKIAEEII,scaffolded8VDL,RFD,MLSPEQQKLKKKVEEYLDSFFFQVIYKFNEGEAKWNELKEKINEKLPNLTEENAMEAVNELIKETLTEKVEEYKKLLADPNAKLSKEEKEEIEEARKIAEEII,103,epitope_contig0001_epitope_contig0001_0_model_3_fixed_dldesign_2,8VDL_epitope
MGLKVTFNIDVDKFSEKIDSFFFQVIYKFNEGEAKWNELKEQIDKLKAQGVKKAKVTMTGQTEDFELAEENLKKAAETMEGAISDLKVEKSDSTEISVEVTPL,scaffolded8VDL,RFD,MGLKVTFNIDVDKFSEKIDSFFFQVIYKFNEGEAKWNELKEQIDKLKAQGVKKAKVTMTGQTEDFELAEENLKKAAETMEGAISDLKVEKSDSTEISVEVTPL,103,epitope_contig0007_epitope_contig0007_0_model_3_fixed_dldesign_0,8VDL_epitope
MGVKVTFEVDVDLFMEKIDSFFFQVIYKFNEGEAKWNELKKQMEALKAQGVKKAEVTMYGQVEDFELFKKNLEKAAKTMNGAISNLKVEPSESTEISVKVTPK,scaffolded8VDL,RFD,MGVKVTFEVDVDLFMEKIDSFFFQVIYKFNEGEAKWNELKKQMEALKAQGVKKAEVTMYGQVEDFELFKKNLEKAAKTMNGAISNLKVEPSESTEISVKVTPK,103,epitope_contig0007_epitope_contig0007_0_model_3_fixed_dldesign_5,8VDL_epitope
MEEEIKKKRKENKTLEETITKVEDLDSFFFQVIYKFNEGEAKWNELKKVMSSDKNAEVKITIKYKDGKPVEVEIEAKSDKAVLKLEGKYDKEYKSKMELEKKK,scaffolded8VDL,RFD,MEEEIKKKRKENKTLEETITKVEDLDSFFFQVIYKFNEGEAKWNELKKVMSSDKNAEVKITIKYKDGKPVEVEIEAKSDKAVLKLEGKYDKEYKSKMELEKKK,103,epitope_contig0005_epitope_contig0005_0_model_5_fixed_dldesign_7,8VDL_epitope
MGVTVTFNVDVDKFKEKIDSFFFQVIYKFNEGEAKWNELKEQIDKLAAKGVKKAKVTMKGLVEDFEEFKENLYKAAEIMDGAITDLKVEKSESTEISVEVTPL,scaffolded8VDL,RFD,MGVTVTFNVDVDKFKEKIDSFFFQVIYKFNEGEAKWNELKEQIDKLAAKGVKKAKVTMKGLVEDFEEFKENLYKAAEIMDGAITDLKVEKSESTEISVEVTPL,103,epitope_contig0007_epitope_contig0007_0_model_3_fixed_dldesign_6,8VDL_epitope
MKEELEEARKNNETFKKTITKVEELDSFFFQVIYKFNEGEAKWNELKAVMASSPNAKTEITIEYENGKPVKVEVTATSDTATLKLTGEYKEEYKSTLEKEVKP,scaffolded8VDL,RFD,MKEELEEARKNNETFKKTITKVEELDSFFFQVIYKFNEGEAKWNELKAVMASSPNAKTEITIEYENGKPVKVEVTATSDTATLKLTGEYKEEYKSTLEKEVKP,103,epitope_contig0005_epitope_contig0005_0_model_5_fixed_dldesign_0,8VDL_epitope
MGVKVTFDIDVDLFSEKIDSFFFQVIYKFNEGEAKWNELKKKIAELKAKGVKKAKVTIYGQTEDFEEFKKNLEEAAKTMNGAISNLKVEKSDSKEISVEVTPL,scaffolded8VDL,RFD,MGVKVTFDIDVDLFSEKIDSFFFQVIYKFNEGEAKWNELKKKIAELKAKGVKKAKVTIYGQTEDFEEFKKNLEEAAKTMNGAISNLKVEKSDSKEISVEVTPL,103,epitope_contig0007_epitope_contig0007_0_model_3_fixed_dldesign_1,8VDL_epitope
AEAAGQARLAEIRALAADPSTPPAERAFFEGLAAVASAIPGSAEVRIAAAEALLAEQAAAVAAASPRPLSPEELARAARDAALALLATPEGQARLAALAKELA,scaffolded8VDL,RFD,AEAAGQARLAEIRALAADPSTPPAERAFFEGLAAVASAIPGSAEVRIAAAEALLAEQAAAVAAASPRPLSPEELARAARDAALALLATPEGQARLAALAKELA,103,hotspots_contig0002_hotspots_contig0002_0_model_5_fixed_dldesign_0,8VDL_hotspots
DLLAELTALFLADDAEGLAATFFAKREELMAPYRAPIAELRAAAAAAAAASPDPEAVRAAADAEVAALEAAARAAAEAELLPIVEAAKARAEAIRAAAAAAAA,scaffolded8VDL,RFD,DLLAELTALFLADDAEGLAATFFAKREELMAPYRAPIAELRAAAAAAAAASPDPEAVRAAADAEVAALEAAARAAAEAELLPIVEAAKARAEAIRAAAAAAAA,103,hotspots_contig0004_hotspots_contig0004_0_model_7_fixed_dldesign_3,8VDL_hotspots
MSIEEMIARLEAMSDPAARARNLALLTELTGDEETARLNFFARLIALARGEEVPLLLPREEAKALLEELATPETLAALTPEQIAAAEARLLAELTALLAEREK,scaffolded8VDL,RFD,MSIEEMIARLEAMSDPAARARNLALLTELTGDEETARLNFFARLIALARGEEVPLLLPREEAKALLEELATPETLAALTPEQIAAAEARLLAELTALLAEREK,103,hotspots_contig0007_hotspots_contig0007_0_model_4_fixed_dldesign_2,8VDL_hotspots
MSIEEAIAELAAKSDPEKRAAVLALLEELTGDAEVATLNFFTRLLALARGEDVPLLLDRETAEALLKRLATPEALAALTPEQIAAAEDQLLAELTALVAARKA,scaffolded8VDL,RFD,MSIEEAIAELAAKSDPEKRAAVLALLEELTGDAEVATLNFFTRLLALARGEDVPLLLDRETAEALLKRLATPEALAALTPEQIAAAEDQLLAELTALVAARKA,103,hotspots_contig0007_hotspots_contig0007_0_model_4_fixed_dldesign_6,8VDL_hotspots
VDYEKLAELLNVSVEKAKEIADLFFAAAEAIARGDEATALANVKKLAALGVTPEQVRKVGEAYREELRARVAAVLPPGATPEEVEAATRAAEEWIVEQMKKLN,scaffolded8VDL,RFD,VDYEKLAELLNVSVEKAKEIADLFFAAAEAIARGDEATALANVKKLAALGVTPEQVRKVGEAYREELRARVAAVLPPGATPEEVEAATRAAEEWIVEQMKKLN,103,hotspots_contig0003_hotspots_contig0003_0_model_3_fixed_dldesign_5,8VDL_hotspots
MEALKKELEKKKEELKKLEEEFFKKKEELVKETSEQLINNTAPETNPLKEEAAKLKTKEEREKFVKENLEKIKKYAEEKLKELKEKVEKLKKEVEELEKKLKA,scaffolded8VDL,RFD,MEALKKELEKKKEELKKLEEEFFKKKEELVKETSEQLINNTAPETNPLKEEAAKLKTKEEREKFVKENLEKIKKYAEEKLKELKEKVEKLKKEVEELEKKLKA,103,hotspots_contig0004_hotspots_contig0004_0_model_4_fixed_dldesign_6,8VDL_hotspots
VDYEALAKALGVSLELAKKIADLFFAALEALAQGKEEEAEAKVKELAALGVTPEQVRKIGELYWDEAKERVAAVLPEGTTEEEVEEKTREAERWIVERMEELN,scaffolded8VDL,RFD,VDYEALAKALGVSLELAKKIADLFFAALEALAQGKEEEAEAKVKELAALGVTPEQVRKIGELYWDEAKERVAAVLPEGTTEEEVEEKTREAERWIVERMEELN,103,hotspots_contig0003_hotspots_contig0003_0_model_3_fixed_dldesign_6,8VDL_hotspots
VDYEALAKLLNVSLEKAKQIADLFFAALEALARGDAAEADAEVEKLAALGVTPEQVAKIGEAYRAEAIARVAAVLPAGTTPAEVEAATAAAEADIVARMAAKN,scaffolded8VDL,RFD,VDYEALAKLLNVSLEKAKQIADLFFAALEALARGDAAEADAEVEKLAALGVTPEQVAKIGEAYRAEAIARVAAVLPAGTTPAEVEAATAAAEADIVARMAAKN,103,hotspots_contig0003_hotspots_contig0003_0_model_3_fixed_dldesign_7,8VDL_hotspots
MMDPNSPEVIAKVEEIMKKQEKEVEEEIKKHKKEKEELEKKLKEEGVPEEEIEKKKEEMEKELFFKLKKKLIEAVKKELPEVPLEFLEKQAEKFLKKVEEKLK,scaffolded8VDL,RFD,MMDPNSPEVIAKVEEIMKKQEKEVEEEIKKHKKEKEELEKKLKEEGVPEEEIEKKKEEMEKELFFKLKKKLIEAVKKELPEVPLEFLEKQAEKFLKKVEEKLK,103,hotspots_contig0009_hotspots_contig0009_0_model_7_fixed_dldesign_6,8VDL_hotspots
AEASVVLDGERRTFAATPEGAEAFRAAFFETLARLAEKYEGSPEERLARAEAEIRAAVAATGTGSPEALAWLRAQLDAAAEEARERVRRALEEEERRERELAR,scaffolded8VDL,RFD,AEASVVLDGERRTFAATPEGAEAFRAAFFETLARLAEKYEGSPEERLARAEAEIRAAVAATGTGSPEALAWLRAQLDAAAEEARERVRRALEEEERRERELAR,103,hotspots_contig0002_hotspots_contig0002_0_model_1_fixed_dldesign_0,8VDL_hotspots
